offender_url,other_url,APPROVED_VERSION_CREATED_AT,num_copied_media,num_copied_fonts,num_copied_words,agree?
https://www.canva.com/admin/template/EAFcAGZ4SOI,https://www.canva.com/admin/template/EAFaDgyMnPw,2023-03-08 00:31:49,21,3,29,
https://www.canva.com/admin/template/EAFcAGZ4SOI,https://www.canva.com/admin/template/EAFaDgyMnPw,2023-03-08 00:31:49,21,3,29,
https://www.canva.com/admin/template/EAFclgzQZq4,https://www.canva.com/admin/template/EAFckvcii78,2023-03-08 06:27:41,8,3,38,
https://www.canva.com/admin/template/EAFclgzQZq4,https://www.canva.com/admin/template/EAFckvcii78,2023-03-08 06:27:41,8,3,38,
https://www.canva.com/admin/template/EAFdhhcawho,https://www.canva.com/admin/template/EAFKOLPeAHA,2023-03-18 06:16:13,5,2,37,
https://www.canva.com/admin/template/EAFdhhcawho,https://www.canva.com/admin/template/EAFKOLPeAHA,2023-03-18 06:16:13,5,2,37,
https://www.canva.com/admin/template/EAFdVgJgsrg,https://www.canva.com/admin/template/EAFdVh-trw4,2023-03-16 06:46:17,6,4,25,
https://www.canva.com/admin/template/EAFdVi0-YVg,https://www.canva.com/admin/template/EAFdVrTmlZc,2023-03-16 06:41:27,4,3,28,
https://www.canva.com/admin/template/EAFdVgJgsrg,https://www.canva.com/admin/template/EAFdVh-trw4,2023-03-16 06:46:17,6,4,25,
https://www.canva.com/admin/template/EAFdVi0-YVg,https://www.canva.com/admin/template/EAFdVrTmlZc,2023-03-16 06:41:27,4,3,28,
https://www.canva.com/admin/template/EAFcPNc4c2c,https://www.canva.com/admin/template/EAE1moclHwE,2023-03-04 12:44:29,7,3,23,
https://www.canva.com/admin/template/EAFcPNc4c2c,https://www.canva.com/admin/template/EAE1moclHwE,2023-03-04 12:44:29,7,3,23,
https://www.canva.com/admin/template/EAFdz2SOWPs,https://www.canva.com/admin/template/EAE2t6KNh4I,2023-03-21 07:54:39,7,2,21,
https://www.canva.com/admin/template/EAFdz2SOWPs,https://www.canva.com/admin/template/EAE2t6KNh4I,2023-03-21 07:54:39,7,2,21,
https://www.canva.com/admin/template/EAFdVvrzoRA,https://www.canva.com/admin/template/EAFdVkQPE_E,2023-03-16 06:47:51,4,2,23,
https://www.canva.com/admin/template/EAFdvtGTv58,https://www.canva.com/admin/template/EAE9GA1k6ds,2023-03-20 14:08:26,5,4,20,
https://www.canva.com/admin/template/EAFdvtGTv58,https://www.canva.com/admin/template/EAE9GA1k6ds,2023-03-20 14:08:26,5,4,20,
https://www.canva.com/admin/template/EAFdVvrzoRA,https://www.canva.com/admin/template/EAFdVkQPE_E,2023-03-16 06:47:51,4,2,23,
https://www.canva.com/admin/template/EAFb73CON6o,https://www.canva.com/admin/template/EAFZ3xbift0,2023-03-01 07:03:02,12,1,14,
https://www.canva.com/admin/template/EAFb73CON6o,https://www.canva.com/admin/template/EAFZ3xbift0,2023-03-01 07:03:02,12,1,14,
https://www.canva.com/admin/template/EAFdVvpJXUM,https://www.canva.com/admin/template/EAFdVtHpU7A,2023-03-16 06:48:37,3,2,21,
https://www.canva.com/admin/template/EAFdVvpJXUM,https://www.canva.com/admin/template/EAFdVtHpU7A,2023-03-16 06:48:37,3,2,21,
https://www.canva.com/admin/template/EAFdVhUoqE0,https://www.canva.com/admin/template/EAFdVlbuAvE,2023-03-16 06:50:07,3,2,19,
https://www.canva.com/admin/template/EAFbv1mJf5A,https://www.canva.com/admin/template/EAE7-ilmiJQ,2023-02-27 07:58:22,5,2,17,
https://www.canva.com/admin/template/EAFdVhUoqE0,https://www.canva.com/admin/template/EAFdVlbuAvE,2023-03-16 06:50:07,3,2,19,
https://www.canva.com/admin/template/EAFbv1mJf5A,https://www.canva.com/admin/template/EAE7-ilmiJQ,2023-02-27 07:58:22,5,2,17,
https://www.canva.com/admin/template/EAFdeKlIRqc,https://www.canva.com/admin/template/EAFSXHw7Rp0,2023-03-22 06:09:27,3,3,17,
https://www.canva.com/admin/template/EAFdeKlIRqc,https://www.canva.com/admin/template/EAFSXHw7Rp0,2023-03-22 06:09:27,3,3,17,
https://www.canva.com/admin/template/EAFd0PQuo4s,https://www.canva.com/admin/template/EAFIBdu7nhw,2023-03-21 08:26:03,2,2,17,
https://www.canva.com/admin/template/EAFd0PQuo4s,https://www.canva.com/admin/template/EAFIBdu7nhw,2023-03-21 08:26:03,2,2,17,
https://www.canva.com/admin/template/EAFdvgUjOvo,https://www.canva.com/admin/template/EAFN21RQkck,2023-03-20 14:14:32,3,3,14,
https://www.canva.com/admin/template/EAFdvgUjOvo,https://www.canva.com/admin/template/EAFN21RQkck,2023-03-20 14:14:32,3,3,14,
https://www.canva.com/admin/template/EAFdVoaVqIk,https://www.canva.com/admin/template/EAFdVpkYxGs,2023-03-16 06:43:54,4,3,12,
https://www.canva.com/admin/template/EAFdVoaVqIk,https://www.canva.com/admin/template/EAFdVpkYxGs,2023-03-16 06:43:54,4,3,12,
https://www.canva.com/admin/template/EAFdDPEKy_Q,https://www.canva.com/admin/template/EAFdDEKKSyc,2023-03-17 07:26:29,9,4,5,
https://www.canva.com/admin/template/EAFdRz6viek,https://www.canva.com/admin/template/EAE4JFLFU3M,2023-03-21 04:00:22,1,2,15,
https://www.canva.com/admin/template/EAFdDPEKy_Q,https://www.canva.com/admin/template/EAFdDEKKSyc,2023-03-17 07:26:29,9,4,5,
https://www.canva.com/admin/template/EAFdRz6viek,https://www.canva.com/admin/template/EAE4JFLFU3M,2023-03-21 04:00:22,1,2,15,
https://www.canva.com/admin/template/EAFcAgQstLk,https://www.canva.com/admin/template/EAFcAlAQQkk,2023-03-02 02:38:27,3,2,10,
https://www.canva.com/admin/template/EAFcAgQstLk,https://www.canva.com/admin/template/EAFcAlAQQkk,2023-03-02 02:38:27,3,2,10,
https://www.canva.com/admin/template/EAFdhg-oPBo,https://www.canva.com/admin/template/EAE86z3IWqA,2023-03-18 06:04:00,4,2,9,
https://www.canva.com/admin/template/EAFdhg-oPBo,https://www.canva.com/admin/template/EAE86z3IWqA,2023-03-18 06:04:00,4,2,9,
https://www.canva.com/admin/template/EAFcAB3S_TY,https://www.canva.com/admin/template/EAFaDsRJkbo,2023-03-08 01:15:04,7,2,5,
https://www.canva.com/admin/template/EAFcABGZGeE,https://www.canva.com/admin/template/EAFaDqGU7os,2023-03-08 01:14:36,7,2,5,
https://www.canva.com/admin/template/EAFcAB3S_TY,https://www.canva.com/admin/template/EAFaDsRJkbo,2023-03-08 01:15:04,7,2,5,
https://www.canva.com/admin/template/EAFcABGZGeE,https://www.canva.com/admin/template/EAFaDqGU7os,2023-03-08 01:14:36,7,2,5,
https://www.canva.com/admin/template/EAFcAEVENnI,https://www.canva.com/admin/template/EAFaDq8DDQY,2023-03-08 01:17:05,5,2,6,
https://www.canva.com/admin/template/EAFchbAb-hc,https://www.canva.com/admin/template/EAFMOUDXhTc,2023-03-15 04:59:50,7,3,3,
https://www.canva.com/admin/template/EAFcAEM7ktw,https://www.canva.com/admin/template/EAFaDkSjipU,2023-03-08 01:15:30,6,2,5,
https://www.canva.com/admin/template/EAFcAvSddV4,https://www.canva.com/admin/template/EAFaDmdYfhs,2023-03-08 03:40:53,7,2,4,
https://www.canva.com/admin/template/EAFdDJkFDDc,https://www.canva.com/admin/template/EAFdDB8n6Gc,2023-03-17 07:29:11,5,3,5,
https://www.canva.com/admin/template/EAFclYejn08,https://www.canva.com/admin/template/EAE57okWgug,2023-03-08 05:48:11,3,4,6,
https://www.canva.com/admin/template/EAFcAvSddV4,https://www.canva.com/admin/template/EAFaDmdYfhs,2023-03-08 03:40:53,7,2,4,
https://www.canva.com/admin/template/EAFchbAb-hc,https://www.canva.com/admin/template/EAFMOUDXhTc,2023-03-15 04:59:50,7,3,3,
https://www.canva.com/admin/template/EAFdDJkFDDc,https://www.canva.com/admin/template/EAFdDB8n6Gc,2023-03-17 07:29:11,5,3,5,
https://www.canva.com/admin/template/EAFcAdfmF2M,https://www.canva.com/admin/template/EAFaDm835nc,2023-03-08 03:49:58,9,2,2,
https://www.canva.com/admin/template/EAFcAIRfhHQ,https://www.canva.com/admin/template/EAFaDjTzu9g,2023-03-08 01:17:19,6,2,5,
https://www.canva.com/admin/template/EAFcARI-5Wk,https://www.canva.com/admin/template/EAFaDmR6xug,2023-03-08 03:48:58,9,2,2,
https://www.canva.com/admin/template/EAFcARLykCo,https://www.canva.com/admin/template/EAFaDsijgIE,2023-03-08 03:45:58,10,2,1,
https://www.canva.com/admin/template/EAFcAacCx-Y,https://www.canva.com/admin/template/EAFaDrKNueU,2023-03-08 03:50:46,9,2,2,
https://www.canva.com/admin/template/EAFcARI-5Wk,https://www.canva.com/admin/template/EAFaDmR6xug,2023-03-08 03:48:58,9,2,2,
https://www.canva.com/admin/template/EAFcAdfmF2M,https://www.canva.com/admin/template/EAFaDm835nc,2023-03-08 03:49:58,9,2,2,
https://www.canva.com/admin/template/EAFcAIRfhHQ,https://www.canva.com/admin/template/EAFaDjTzu9g,2023-03-08 01:17:19,6,2,5,
https://www.canva.com/admin/template/EAFcAUFMhzY,https://www.canva.com/admin/template/EAFaDjc4TVs,2023-03-08 03:50:22,9,2,2,
https://www.canva.com/admin/template/EAFcAEVENnI,https://www.canva.com/admin/template/EAFaDq8DDQY,2023-03-08 01:17:05,5,2,6,
https://www.canva.com/admin/template/EAFcAEM7ktw,https://www.canva.com/admin/template/EAFaDkSjipU,2023-03-08 01:15:30,6,2,5,
https://www.canva.com/admin/template/EAFcARavXAU,https://www.canva.com/admin/template/EAFaDnhv_DE,2023-03-08 03:45:04,10,2,1,
https://www.canva.com/admin/template/EAFcAUFMhzY,https://www.canva.com/admin/template/EAFaDjc4TVs,2023-03-08 03:50:22,9,2,2,
https://www.canva.com/admin/template/EAFcARLykCo,https://www.canva.com/admin/template/EAFaDsijgIE,2023-03-08 03:45:58,10,2,1,
https://www.canva.com/admin/template/EAFcAacCx-Y,https://www.canva.com/admin/template/EAFaDrKNueU,2023-03-08 03:50:46,9,2,2,
https://www.canva.com/admin/template/EAFclYejn08,https://www.canva.com/admin/template/EAE57okWgug,2023-03-08 05:48:11,3,4,6,
https://www.canva.com/admin/template/EAFcARavXAU,https://www.canva.com/admin/template/EAFaDnhv_DE,2023-03-08 03:45:04,10,2,1,
https://www.canva.com/admin/template/EAFcApE6q5Q,https://www.canva.com/admin/template/EAFaDi1Icxw,2023-03-08 03:42:28,6,2,4,
https://www.canva.com/admin/template/EAFcAtGLEZE,https://www.canva.com/admin/template/EAFaDnp8zT8,2023-03-08 03:43:32,9,2,1,
https://www.canva.com/admin/template/EAFcAVEWmPQ,https://www.canva.com/admin/template/EAFaDsrjehU,2023-03-08 03:45:41,9,2,1,
https://www.canva.com/admin/template/EAFcALhjIj4,https://www.canva.com/admin/template/EAFaDnDZiL0,2023-03-08 02:13:33,5,2,5,
https://www.canva.com/admin/template/EAFcAKM974Y,https://www.canva.com/admin/template/EAFaDp0pSfI,2023-03-08 02:14:57,6,2,4,
https://www.canva.com/admin/template/EAFcAKKVAt4,https://www.canva.com/admin/template/EAFaDsas1fw,2023-03-08 02:14:03,5,2,5,
https://www.canva.com/admin/template/EAFdEethri0,https://www.canva.com/admin/template/EAE5eHBMg1Q,2023-03-13 09:47:25,3,2,7,
https://www.canva.com/admin/template/EAFb_-dyFew,https://www.canva.com/admin/template/EAFaDvBnvns,2023-03-08 00:04:26,5,2,5,
https://www.canva.com/admin/template/EAFcAq_84m4,https://www.canva.com/admin/template/EAFaDuIU6ao,2023-03-08 02:16:29,9,2,1,
https://www.canva.com/admin/template/EAFcAq_84m4,https://www.canva.com/admin/template/EAFaDuIU6ao,2023-03-08 02:16:29,9,2,1,
https://www.canva.com/admin/template/EAFcAmzvcbM,https://www.canva.com/admin/template/EAFaDjnVDL4,2023-03-08 02:18:27,9,2,1,
https://www.canva.com/admin/template/EAFcAJdjkeU,https://www.canva.com/admin/template/EAFaDnFx35I,2023-03-08 00:21:17,5,2,5,
https://www.canva.com/admin/template/EAFcAHPaMpI,https://www.canva.com/admin/template/EAFaDiIijoY,2023-03-08 00:39:31,5,2,5,
https://www.canva.com/admin/template/EAFdEethri0,https://www.canva.com/admin/template/EAE5eHBMg1Q,2023-03-13 09:47:25,3,2,7,
https://www.canva.com/admin/template/EAFb_-dyFew,https://www.canva.com/admin/template/EAFaDvBnvns,2023-03-08 00:04:26,5,2,5,
https://www.canva.com/admin/template/EAFcAF1PktQ,https://www.canva.com/admin/template/EAFaDkHvJEE,2023-03-08 01:14:45,5,2,5,
https://www.canva.com/admin/template/EAFcApE6q5Q,https://www.canva.com/admin/template/EAFaDi1Icxw,2023-03-08 03:42:28,6,2,4,
https://www.canva.com/admin/template/EAFcAVEWmPQ,https://www.canva.com/admin/template/EAFaDsrjehU,2023-03-08 03:45:41,9,2,1,
https://www.canva.com/admin/template/EAFcAHPaMpI,https://www.canva.com/admin/template/EAFaDiIijoY,2023-03-08 00:39:31,5,2,5,
https://www.canva.com/admin/template/EAFcAtGLEZE,https://www.canva.com/admin/template/EAFaDnp8zT8,2023-03-08 03:43:32,9,2,1,
https://www.canva.com/admin/template/EAFcAKM974Y,https://www.canva.com/admin/template/EAFaDp0pSfI,2023-03-08 02:14:57,6,2,4,
https://www.canva.com/admin/template/EAFcAKKVAt4,https://www.canva.com/admin/template/EAFaDsas1fw,2023-03-08 02:14:03,5,2,5,
https://www.canva.com/admin/template/EAFcALhjIj4,https://www.canva.com/admin/template/EAFaDnDZiL0,2023-03-08 02:13:33,5,2,5,
https://www.canva.com/admin/template/EAFcAmzvcbM,https://www.canva.com/admin/template/EAFaDjnVDL4,2023-03-08 02:18:27,9,2,1,
https://www.canva.com/admin/template/EAFcAJdjkeU,https://www.canva.com/admin/template/EAFaDnFx35I,2023-03-08 00:21:17,5,2,5,
https://www.canva.com/admin/template/EAFcAF1PktQ,https://www.canva.com/admin/template/EAFaDkHvJEE,2023-03-08 01:14:45,5,2,5,
https://www.canva.com/admin/template/EAFcANckg40,https://www.canva.com/admin/template/EAFaDqfgPTg,2023-03-08 03:11:31,5,2,4,
https://www.canva.com/admin/template/EAFdVt7bAyA,https://www.canva.com/admin/template/EAFdVo1DaU0,2023-03-16 06:42:14,5,3,3,
https://www.canva.com/admin/template/EAFcALJx0lc,https://www.canva.com/admin/template/EAFaDhku168,2023-03-08 00:36:39,8,2,1,
https://www.canva.com/admin/template/EAFcAAaG8vo,https://www.canva.com/admin/template/EAFaDmWUbjc,2023-03-08 03:34:52,5,2,4,
https://www.canva.com/admin/template/EAFdVt7bAyA,https://www.canva.com/admin/template/EAFdVo1DaU0,2023-03-16 06:42:14,5,3,3,
https://www.canva.com/admin/template/EAFcAAcro2w,https://www.canva.com/admin/template/EAFaDlGUkEY,2023-03-08 00:22:31,4,2,5,
https://www.canva.com/admin/template/EAFcAVMzPEI,https://www.canva.com/admin/template/EAFaDrTLNgc,2023-03-08 03:44:02,8,2,1,
https://www.canva.com/admin/template/EAFcANckg40,https://www.canva.com/admin/template/EAFaDqfgPTg,2023-03-08 03:11:31,5,2,4,
https://www.canva.com/admin/template/EAFcAJOTzD4,https://www.canva.com/admin/template/EAFaDp_kCRM,2023-03-08 00:21:58,4,2,5,
https://www.canva.com/admin/template/EAFcAGcd8TM,https://www.canva.com/admin/template/EAFaDpWMSBA,2023-03-08 00:21:30,4,2,5,
https://www.canva.com/admin/template/EAFcAsFf-6g,https://www.canva.com/admin/template/EAFaDqS--50,2023-03-08 03:44:19,8,2,1,
https://www.canva.com/admin/template/EAFcAAcro2w,https://www.canva.com/admin/template/EAFaDlGUkEY,2023-03-08 00:22:31,4,2,5,
https://www.canva.com/admin/template/EAFcAJOTzD4,https://www.canva.com/admin/template/EAFaDp_kCRM,2023-03-08 00:21:58,4,2,5,
https://www.canva.com/admin/template/EAFcALJx0lc,https://www.canva.com/admin/template/EAFaDhku168,2023-03-08 00:36:39,8,2,1,
https://www.canva.com/admin/template/EAFcAoeRIG8,https://www.canva.com/admin/template/EAFaDvrNVBI,2023-03-08 02:19:41,8,2,1,
https://www.canva.com/admin/template/EAFcAoeRIG8,https://www.canva.com/admin/template/EAFaDvrNVBI,2023-03-08 02:19:41,8,2,1,
https://www.canva.com/admin/template/EAFcAuwifYQ,https://www.canva.com/admin/template/EAFaDgz81j0,2023-03-08 03:44:39,8,2,1,
https://www.canva.com/admin/template/EAFdz0texr4,https://www.canva.com/admin/template/EAEsfEg8ukY,2023-03-21 07:48:28,5,2,4,
https://www.canva.com/admin/template/EAFcAVMzPEI,https://www.canva.com/admin/template/EAFaDrTLNgc,2023-03-08 03:44:02,8,2,1,
https://www.canva.com/admin/template/EAFcAAaG8vo,https://www.canva.com/admin/template/EAFaDmWUbjc,2023-03-08 03:34:52,5,2,4,
https://www.canva.com/admin/template/EAFcAsFf-6g,https://www.canva.com/admin/template/EAFaDqS--50,2023-03-08 03:44:19,8,2,1,
https://www.canva.com/admin/template/EAFdz0texr4,https://www.canva.com/admin/template/EAEsfEg8ukY,2023-03-21 07:48:28,5,2,4,
https://www.canva.com/admin/template/EAFcAGcd8TM,https://www.canva.com/admin/template/EAFaDpWMSBA,2023-03-08 00:21:30,4,2,5,
https://www.canva.com/admin/template/EAFcAuwifYQ,https://www.canva.com/admin/template/EAFaDgz81j0,2023-03-08 03:44:39,8,2,1,
https://www.canva.com/admin/template/EAFclecgtVo,https://www.canva.com/admin/template/EAE4M86XyrY,2023-03-09 06:41:38,4,2,4,
https://www.canva.com/admin/template/EAFcAanoOho,https://www.canva.com/admin/template/EAFaDu6MzFE,2023-03-08 03:47:09,7,2,1,
https://www.canva.com/admin/template/EAFcAbbwuIk,https://www.canva.com/admin/template/EAFaDiCWc3g,2023-03-08 03:46:42,7,2,1,
https://www.canva.com/admin/template/EAFdvsugV4Y,https://www.canva.com/admin/template/EAE9b5MsYWc,2023-03-20 14:09:58,5,2,3,
https://www.canva.com/admin/template/EAFcAanoOho,https://www.canva.com/admin/template/EAFaDu6MzFE,2023-03-08 03:47:09,7,2,1,
https://www.canva.com/admin/template/EAFclecgtVo,https://www.canva.com/admin/template/EAE4M86XyrY,2023-03-09 06:41:38,4,2,4,
https://www.canva.com/admin/template/EAFcAbbwuIk,https://www.canva.com/admin/template/EAFaDiCWc3g,2023-03-08 03:46:42,7,2,1,
https://www.canva.com/admin/template/EAFdvsugV4Y,https://www.canva.com/admin/template/EAE9b5MsYWc,2023-03-20 14:09:58,5,2,3,
https://www.canva.com/admin/template/EAFdwDg30sA,https://www.canva.com/admin/template/EAFc_kJcNxw,2023-03-20 16:16:33,4,2,4,
https://www.canva.com/admin/template/EAFdwDg30sA,https://www.canva.com/admin/template/EAFc_kJcNxw,2023-03-20 16:16:33,4,2,4,
https://www.canva.com/admin/template/EAFcAkLoups,https://www.canva.com/admin/template/EAFaDrA2qoc,2023-03-08 02:20:14,6,2,1,
https://www.canva.com/admin/template/EAFcAi7CvSo,https://www.canva.com/admin/template/EAFaDhBPGD8,2023-03-08 02:20:34,6,2,1,
https://www.canva.com/admin/template/EAFcAi7CvSo,https://www.canva.com/admin/template/EAFaDhBPGD8,2023-03-08 02:20:34,6,2,1,
https://www.canva.com/admin/template/EAFcFhTBypI,https://www.canva.com/admin/template/EAFaDlX041Q,2023-03-08 02:19:52,6,2,1,
https://www.canva.com/admin/template/EAFcAsunPQY,https://www.canva.com/admin/template/EAFaDrA2qoc,2023-03-08 02:17:04,6,2,1,
https://www.canva.com/admin/template/EAFcAsunPQY,https://www.canva.com/admin/template/EAFaDrA2qoc,2023-03-08 02:17:04,6,2,1,
https://www.canva.com/admin/template/EAFcAXZTcb4,https://www.canva.com/admin/template/EAFaDvPqw5I,2023-03-08 03:48:09,6,2,1,
https://www.canva.com/admin/template/EAFcAkLoups,https://www.canva.com/admin/template/EAFaDrA2qoc,2023-03-08 02:20:14,6,2,1,
https://www.canva.com/admin/template/EAFcAXZTcb4,https://www.canva.com/admin/template/EAFaDvPqw5I,2023-03-08 03:48:09,6,2,1,
https://www.canva.com/admin/template/EAFcAgKgXNA,https://www.canva.com/admin/template/EAFaDlNgP2Q,2023-03-08 02:20:57,6,2,1,
https://www.canva.com/admin/template/EAFdDDfwtp4,https://www.canva.com/admin/template/EAFdDKajBSM,2023-03-17 07:29:55,6,2,1,
https://www.canva.com/admin/template/EAFdRx4e08g,https://www.canva.com/admin/template/EAE4nPFJ-uM,2023-03-21 03:57:35,5,1,3,
https://www.canva.com/admin/template/EAFcAgKgXNA,https://www.canva.com/admin/template/EAFaDlNgP2Q,2023-03-08 02:20:57,6,2,1,
https://www.canva.com/admin/template/EAFcFhTBypI,https://www.canva.com/admin/template/EAFaDlX041Q,2023-03-08 02:19:52,6,2,1,
https://www.canva.com/admin/template/EAFdRx4e08g,https://www.canva.com/admin/template/EAE4nPFJ-uM,2023-03-21 03:57:35,5,1,3,
https://www.canva.com/admin/template/EAFdDDfwtp4,https://www.canva.com/admin/template/EAFdDKajBSM,2023-03-17 07:29:55,6,2,1,
https://www.canva.com/admin/template/EAFcAo5Uflc,https://www.canva.com/admin/template/EAFaDhBPGD8,2023-03-08 02:17:45,5,2,1,
https://www.canva.com/admin/template/EAFdz3iNjRg,https://www.canva.com/admin/template/EAFHiC1V4LY,2023-03-21 07:57:31,1,3,4,
https://www.canva.com/admin/template/EAFdwN_6fEM,https://www.canva.com/admin/template/EAFc_nyIDeY,2023-03-20 16:15:12,3,1,4,
https://www.canva.com/admin/template/EAFdVx_t94o,https://www.canva.com/admin/template/EAE3AeBA8T0,2023-03-16 07:25:09,1,2,5,
https://www.canva.com/admin/template/EAFdwN_6fEM,https://www.canva.com/admin/template/EAFc_nyIDeY,2023-03-20 16:15:12,3,1,4,
https://www.canva.com/admin/template/EAFdVx_t94o,https://www.canva.com/admin/template/EAE3AeBA8T0,2023-03-16 07:25:09,1,2,5,
https://www.canva.com/admin/template/EAFclUE-Kuo,https://www.canva.com/admin/template/EAE57qfUKGM,2023-03-09 06:42:17,3,1,4,
https://www.canva.com/admin/template/EAFclUE-Kuo,https://www.canva.com/admin/template/EAE57qfUKGM,2023-03-09 06:42:17,3,1,4,
https://www.canva.com/admin/template/EAFdz3iNjRg,https://www.canva.com/admin/template/EAFHiC1V4LY,2023-03-21 07:57:31,1,3,4,
https://www.canva.com/admin/template/EAFcAo5Uflc,https://www.canva.com/admin/template/EAFaDhBPGD8,2023-03-08 02:17:45,5,2,1,
https://www.canva.com/admin/template/EAFdJFMQkKk,https://www.canva.com/admin/template/EAFHJLYmaKk,2023-03-14 04:28:30,1,4,2,
https://www.canva.com/admin/template/EAFdJFMQkKk,https://www.canva.com/admin/template/EAFHJLYmaKk,2023-03-14 04:28:30,1,4,2,
https://www.canva.com/admin/template/EAFdvo6lsiY,https://www.canva.com/admin/template/EAE8F1v21_g,2023-03-20 14:15:59,1,2,3,
https://www.canva.com/admin/template/EAFd2LTWCO8,https://www.canva.com/admin/template/EAFdevFHBNk,2023-03-21 16:08:33,1,2,3,
https://www.canva.com/admin/template/EAFd0CiFXUU,https://www.canva.com/admin/template/EAE5DcRlprs,2023-03-21 08:13:51,2,1,3,
https://www.canva.com/admin/template/EAFdazEtbYw,https://www.canva.com/admin/template/EAE4Hqob7tk,2023-03-17 03:29:49,2,2,2,
https://www.canva.com/admin/template/EAFdvo6lsiY,https://www.canva.com/admin/template/EAE8F1v21_g,2023-03-20 14:15:59,1,2,3,
https://www.canva.com/admin/template/EAFd2LTWCO8,https://www.canva.com/admin/template/EAFdevFHBNk,2023-03-21 16:08:33,1,2,3,
https://www.canva.com/admin/template/EAFdazEtbYw,https://www.canva.com/admin/template/EAE4Hqob7tk,2023-03-17 03:29:49,2,2,2,
https://www.canva.com/admin/template/EAFd0CiFXUU,https://www.canva.com/admin/template/EAE5DcRlprs,2023-03-21 08:13:51,2,1,3,
https://www.canva.com/admin/template/EAFcAK94g_4,https://www.canva.com/admin/template/EAFaDqhzQ-Q,2023-03-08 00:34:30,3,2,0,
https://www.canva.com/admin/template/EAFdVhOIGdI,https://www.canva.com/admin/template/EAFHFG4rsj8,2023-03-16 07:05:59,4,1,0,
https://www.canva.com/admin/template/EAFdVhOIGdI,https://www.canva.com/admin/template/EAFHFG4rsj8,2023-03-16 07:05:59,4,1,0,
https://www.canva.com/admin/template/EAFcAK94g_4,https://www.canva.com/admin/template/EAFaDqhzQ-Q,2023-03-08 00:34:30,3,2,0,
https://www.canva.com/admin/template/EAFcJlX1ZgY,https://www.canva.com/admin/template/EAFFh9yibQE,2023-03-10 22:04:16,1,0,3,
https://www.canva.com/admin/template/EAFdJGSO7xc,https://www.canva.com/admin/template/EAEuPepGVUE,2023-03-22 06:34:44,1,0,3,
https://www.canva.com/admin/template/EAFc5cdV72M,https://www.canva.com/admin/template/EAE10Glzhjw,2023-03-11 13:30:36,0,0,4,
https://www.canva.com/admin/template/EAFclpdj2nQ,https://www.canva.com/admin/template/EAFclmZwf3E,2023-03-08 06:39:32,0,2,2,
https://www.canva.com/admin/template/EAFb8GELoPg,https://www.canva.com/admin/template/EAFbiQrBCfs,2023-03-01 08:45:09,1,1,2,
https://www.canva.com/admin/template/EAFb8Aerh50,https://www.canva.com/admin/template/EAFbidNn14o,2023-03-01 08:47:01,1,1,2,
https://www.canva.com/admin/template/EAFclpdj2nQ,https://www.canva.com/admin/template/EAFclmZwf3E,2023-03-08 06:39:32,0,2,2,
https://www.canva.com/admin/template/EAFdiV-Al4M,https://www.canva.com/admin/template/EAFdKR7Dn-w,2023-03-18 09:31:18,1,1,2,
https://www.canva.com/admin/template/EAFc5cdV72M,https://www.canva.com/admin/template/EAE10Glzhjw,2023-03-11 13:30:36,0,0,4,
https://www.canva.com/admin/template/EAFcJlX1ZgY,https://www.canva.com/admin/template/EAFFh9yibQE,2023-03-10 22:04:16,1,0,3,
https://www.canva.com/admin/template/EAFdHCMz1Bo,https://www.canva.com/admin/template/EAE0S6Kk4hE,2023-03-13 20:37:09,1,0,3,
https://www.canva.com/admin/template/EAFdJGZcI7M,https://www.canva.com/admin/template/EAE5-0vdErI,2023-03-14 04:31:23,1,0,3,
https://www.canva.com/admin/template/EAFdWNDUv5A,https://www.canva.com/admin/template/EAFAQgeeIb0,2023-03-21 15:05:07,3,1,0,
https://www.canva.com/admin/template/EAFdHCMz1Bo,https://www.canva.com/admin/template/EAE0S6Kk4hE,2023-03-13 20:37:09,1,0,3,
https://www.canva.com/admin/template/EAFdJGSO7xc,https://www.canva.com/admin/template/EAEuPepGVUE,2023-03-22 06:34:44,1,0,3,
https://www.canva.com/admin/template/EAFdJGZcI7M,https://www.canva.com/admin/template/EAE5-0vdErI,2023-03-14 04:31:23,1,0,3,
https://www.canva.com/admin/template/EAFdWNDUv5A,https://www.canva.com/admin/template/EAFAQgeeIb0,2023-03-21 15:05:07,3,1,0,
https://www.canva.com/admin/template/EAFdiV-Al4M,https://www.canva.com/admin/template/EAFdKR7Dn-w,2023-03-18 09:31:18,1,1,2,
https://www.canva.com/admin/template/EAFb8Aerh50,https://www.canva.com/admin/template/EAFbidNn14o,2023-03-01 08:47:01,1,1,2,
https://www.canva.com/admin/template/EAFb8GELoPg,https://www.canva.com/admin/template/EAFbiQrBCfs,2023-03-01 08:45:09,1,1,2,
https://www.canva.com/admin/template/EAFb8PACrqk,https://www.canva.com/admin/template/EAFbiUZKZws,2023-03-01 08:45:39,1,1,1,
https://www.canva.com/admin/template/EAFb8PACrqk,https://www.canva.com/admin/template/EAFbiUZKZws,2023-03-01 08:45:39,1,1,1,
https://www.canva.com/admin/template/EAFdkLg2tdU,https://www.canva.com/admin/template/EAFWLsgVmbE,2023-03-18 16:36:47,1,0,1,
https://www.canva.com/admin/template/EAFdjyMXW58,https://www.canva.com/admin/template/EAFOVKHiPyA,2023-03-18 15:00:31,1,0,1,
https://www.canva.com/admin/template/EAFdVTIE29k,https://www.canva.com/admin/template/EAFASjMd1Wo,2023-03-21 14:45:47,1,0,1,
https://www.canva.com/admin/template/EAFdLsnM8Ew,https://www.canva.com/admin/template/EAFNfvjzT3c,2023-03-21 12:43:32,1,0,1,
https://www.canva.com/admin/template/EAFd088nomo,https://www.canva.com/admin/template/EAFFjzR8Ceg,2023-03-21 11:31:10,1,0,1,
https://www.canva.com/admin/template/EAFdWaJLmag,https://www.canva.com/admin/template/EAFMzmY2vu4,2023-03-16 09:42:20,1,1,0,
https://www.canva.com/admin/template/EAFcDXttHGE,https://www.canva.com/admin/template/EAFMXQTY4rA,2023-03-02 13:38:25,0,0,2,
https://www.canva.com/admin/template/EAFeWjTcTuA,https://www.canva.com/admin/template/EAE8fMgipj4,2023-03-27 02:56:21,1,0,1,
https://www.canva.com/admin/template/EAFeWjTcTuA,https://www.canva.com/admin/template/EAE8fMgipj4,2023-03-27 02:56:21,1,0,1,
https://www.canva.com/admin/template/EAFdD_96rVw,https://www.canva.com/admin/template/EAE9NygpcpE,2023-03-13 07:29:28,1,0,1,
https://www.canva.com/admin/template/EAFdVTIE29k,https://www.canva.com/admin/template/EAFASjMd1Wo,2023-03-21 14:45:47,1,0,1,
https://www.canva.com/admin/template/EAFdWaJLmag,https://www.canva.com/admin/template/EAFMzmY2vu4,2023-03-16 09:42:20,1,1,0,
https://www.canva.com/admin/template/EAFd088nomo,https://www.canva.com/admin/template/EAFFjzR8Ceg,2023-03-21 11:31:10,1,0,1,
https://www.canva.com/admin/template/EAFd9EGJf5c,https://www.canva.com/admin/template/EAE3wMpdNBw,2023-03-22 20:01:00,1,0,1,
https://www.canva.com/admin/template/EAFdv4Z4208,https://www.canva.com/admin/template/EAE517fkbbU,2023-03-20 15:08:15,1,0,1,
https://www.canva.com/admin/template/EAFdkLg2tdU,https://www.canva.com/admin/template/EAFWLsgVmbE,2023-03-18 16:36:47,1,0,1,
https://www.canva.com/admin/template/EAFdjyMXW58,https://www.canva.com/admin/template/EAFOVKHiPyA,2023-03-18 15:00:31,1,0,1,
https://www.canva.com/admin/template/EAFdLsnM8Ew,https://www.canva.com/admin/template/EAFNfvjzT3c,2023-03-21 12:43:32,1,0,1,
https://www.canva.com/admin/template/EAFcDXttHGE,https://www.canva.com/admin/template/EAFMXQTY4rA,2023-03-02 13:38:25,0,0,2,
https://www.canva.com/admin/template/EAFd9EGJf5c,https://www.canva.com/admin/template/EAE3wMpdNBw,2023-03-22 20:01:00,1,0,1,
https://www.canva.com/admin/template/EAFdD_96rVw,https://www.canva.com/admin/template/EAE9NygpcpE,2023-03-13 07:29:28,1,0,1,
https://www.canva.com/admin/template/EAFdv4Z4208,https://www.canva.com/admin/template/EAE517fkbbU,2023-03-20 15:08:15,1,0,1,
https://www.canva.com/admin/template/EAFd0phsGTo,https://www.canva.com/admin/template/EAE3LI3li7g,2023-03-21 10:01:29,1,0,0,
https://www.canva.com/admin/template/EAFcz9jro9E,https://www.canva.com/admin/template/EAE--8NmxE0,2023-03-10 15:45:59,1,0,0,
https://www.canva.com/admin/template/EAFd1k0jr6s,https://www.canva.com/admin/template/EAFPXRW2kFc,2023-03-22 12:16:57,1,0,0,
https://www.canva.com/admin/template/EAE7GcDIVTk,https://www.canva.com/admin/template/EAFHJ_dAyEg,2023-03-27 21:12:10,1,0,0,
https://www.canva.com/admin/template/EAFd1rLpJNk,https://www.canva.com/admin/template/EAE98feHqhY,2023-03-21 14:40:29,1,0,0,
https://www.canva.com/admin/template/EAFd1vysCEQ,https://www.canva.com/admin/template/EAE2xNFVI2s,2023-03-22 12:02:22,1,0,0,
https://www.canva.com/admin/template/EAFeWTmozuY,https://www.canva.com/admin/template/EAE9qP3f09Q,2023-03-27 01:47:22,0,1,0,
https://www.canva.com/admin/template/EAFeUfGokCo,https://www.canva.com/admin/template/EAE9O52wigM,2023-03-26 17:02:24,1,0,0,
https://www.canva.com/admin/template/EAFeSZxx16k,https://www.canva.com/admin/template/EAFLSJo5ZJI,2023-03-26 09:51:31,1,0,0,
https://www.canva.com/admin/template/EAFeNStsE50,https://www.canva.com/admin/template/EAFRf8rLfT0,2023-03-25 13:51:33,1,0,0,
https://www.canva.com/admin/template/EAFeN6HF6RM,https://www.canva.com/admin/template/EAFNdTxkEu8,2023-03-25 15:28:36,1,0,0,
https://www.canva.com/admin/template/EAFeN51lpH4,https://www.canva.com/admin/template/EAFTvBYFb_Y,2023-03-25 15:23:36,1,0,0,
https://www.canva.com/admin/template/EAFeJqJvlE8,https://www.canva.com/admin/template/EAFboIvwxP8,2023-03-24 22:47:04,1,0,0,
https://www.canva.com/admin/template/EAFeEu34oBI,https://www.canva.com/admin/template/EAE6CWstHIE,2023-03-24 02:54:53,1,0,0,
https://www.canva.com/admin/template/EAFeEdrtB9U,https://www.canva.com/admin/template/EAE9pNpvhIg,2023-03-24 01:46:46,1,0,0,
https://www.canva.com/admin/template/EAFeC8tJUNw,https://www.canva.com/admin/template/EAFdsHu6hM8,2023-03-23 19:11:25,1,0,0,
https://www.canva.com/admin/template/EAFdt-OrD-w,https://www.canva.com/admin/template/EAEt_ktF2Vk,2023-03-20 07:19:35,1,0,0,
https://www.canva.com/admin/template/EAFdjgVa3dI,https://www.canva.com/admin/template/EAE8UUdl5zk,2023-03-18 14:13:15,1,0,0,
https://www.canva.com/admin/template/EAFdd9_jD-g,https://www.canva.com/admin/template/EAE7rNv1ZPk,2023-03-17 15:48:00,1,0,0,
https://www.canva.com/admin/template/EAFdbuPG3Qc,https://www.canva.com/admin/template/EAFZTbnmpcU,2023-03-17 06:49:14,1,0,0,
https://www.canva.com/admin/template/EAFdbPUZKhQ,https://www.canva.com/admin/template/EAFCf_OqVUE,2023-03-17 04:15:03,1,0,0,
https://www.canva.com/admin/template/EAFdb2LdI7g,https://www.canva.com/admin/template/EAFI7Po2r3E,2023-03-17 07:27:07,1,0,0,
https://www.canva.com/admin/template/EAFda7xh_JE,https://www.canva.com/admin/template/EAE3caOJ3cE,2023-03-17 03:13:12,1,0,0,
https://www.canva.com/admin/template/EAFcyLPaJVQ,https://www.canva.com/admin/template/EAFGSZ0M2Pg,2023-03-10 08:26:21,1,0,0,
https://www.canva.com/admin/template/EAFdUs3gbE4,https://www.canva.com/admin/template/EAE5iHkhedo,2023-03-17 03:42:09,1,0,0,
https://www.canva.com/admin/template/EAFdT3_FNRo,https://www.canva.com/admin/template/EAE_F9elves,2023-03-15 23:52:48,1,0,0,
https://www.canva.com/admin/template/EAFdQKYa96g,https://www.canva.com/admin/template/EAFYfACOmzg,2023-03-15 08:07:46,1,0,0,
https://www.canva.com/admin/template/EAFdLiYVjgs,https://www.canva.com/admin/template/EAE8QrdVCCU,2023-03-21 12:42:43,1,0,0,
https://www.canva.com/admin/template/EAFdJe1yIYA,https://www.canva.com/admin/template/EAFTvx2rn1M,2023-03-14 05:13:56,1,0,0,
https://www.canva.com/admin/template/EAFdIxNgl_c,https://www.canva.com/admin/template/EAEsHTAPl6A,2023-03-14 03:31:03,1,0,0,
https://www.canva.com/admin/template/EAFd7BGBiZs,https://www.canva.com/admin/template/EAE98feHqhY,2023-03-22 12:13:55,1,0,0,
https://www.canva.com/admin/template/EAFd69Ell3Q,https://www.canva.com/admin/template/EAE98feHqhY,2023-03-22 11:47:43,1,0,0,
https://www.canva.com/admin/template/EAFd4zk2F0w,https://www.canva.com/admin/template/EAFE3zqpDJ0,2023-03-22 03:59:52,1,0,0,
https://www.canva.com/admin/template/EAFcz1itxi8,https://www.canva.com/admin/template/EAEmMhfYPgA,2023-03-10 15:45:03,1,0,0,
https://www.canva.com/admin/template/EAE7GcDIVTk,https://www.canva.com/admin/template/EAFHJ_dAyEg,2023-03-27 21:12:10,1,0,0,
https://www.canva.com/admin/template/EAFcs1XPKcQ,https://www.canva.com/admin/template/EAFE5b9mZ5A,2023-03-13 13:49:20,1,0,0,
https://www.canva.com/admin/template/EAFdLiYVjgs,https://www.canva.com/admin/template/EAE8QrdVCCU,2023-03-21 12:42:43,1,0,0,
https://www.canva.com/admin/template/EAFd1vysCEQ,https://www.canva.com/admin/template/EAE2xNFVI2s,2023-03-22 12:02:22,1,0,0,
https://www.canva.com/admin/template/EAFd4zk2F0w,https://www.canva.com/admin/template/EAFE3zqpDJ0,2023-03-22 03:59:52,1,0,0,
https://www.canva.com/admin/template/EAFd69Ell3Q,https://www.canva.com/admin/template/EAE98feHqhY,2023-03-22 11:47:43,1,0,0,
https://www.canva.com/admin/template/EAFd7BGBiZs,https://www.canva.com/admin/template/EAE98feHqhY,2023-03-22 12:13:55,1,0,0,
https://www.canva.com/admin/template/EAFdIxNgl_c,https://www.canva.com/admin/template/EAEsHTAPl6A,2023-03-14 03:31:03,1,0,0,
https://www.canva.com/admin/template/EAFdJe1yIYA,https://www.canva.com/admin/template/EAFTvx2rn1M,2023-03-14 05:13:56,1,0,0,
https://www.canva.com/admin/template/EAFdQKYa96g,https://www.canva.com/admin/template/EAFYfACOmzg,2023-03-15 08:07:46,1,0,0,
https://www.canva.com/admin/template/EAFdt-OrD-w,https://www.canva.com/admin/template/EAEt_ktF2Vk,2023-03-20 07:19:35,1,0,0,
https://www.canva.com/admin/template/EAFdT3_FNRo,https://www.canva.com/admin/template/EAE_F9elves,2023-03-15 23:52:48,1,0,0,
https://www.canva.com/admin/template/EAFdUs3gbE4,https://www.canva.com/admin/template/EAE5iHkhedo,2023-03-17 03:42:09,1,0,0,
https://www.canva.com/admin/template/EAFdb2LdI7g,https://www.canva.com/admin/template/EAFI7Po2r3E,2023-03-17 07:27:07,1,0,0,
https://www.canva.com/admin/template/EAFdbPUZKhQ,https://www.canva.com/admin/template/EAFCf_OqVUE,2023-03-17 04:15:03,1,0,0,
https://www.canva.com/admin/template/EAFdbuPG3Qc,https://www.canva.com/admin/template/EAFZTbnmpcU,2023-03-17 06:49:14,1,0,0,
https://www.canva.com/admin/template/EAFdd9_jD-g,https://www.canva.com/admin/template/EAE7rNv1ZPk,2023-03-17 15:48:00,1,0,0,
https://www.canva.com/admin/template/EAFd1rLpJNk,https://www.canva.com/admin/template/EAE98feHqhY,2023-03-21 14:40:29,1,0,0,
https://www.canva.com/admin/template/EAFd1k0jr6s,https://www.canva.com/admin/template/EAFPXRW2kFc,2023-03-22 12:16:57,1,0,0,
https://www.canva.com/admin/template/EAFd0phsGTo,https://www.canva.com/admin/template/EAE3LI3li7g,2023-03-21 10:01:29,1,0,0,
https://www.canva.com/admin/template/EAFcz9jro9E,https://www.canva.com/admin/template/EAE--8NmxE0,2023-03-10 15:45:59,1,0,0,
https://www.canva.com/admin/template/EAFcz1itxi8,https://www.canva.com/admin/template/EAEmMhfYPgA,2023-03-10 15:45:03,1,0,0,
https://www.canva.com/admin/template/EAFcyLPaJVQ,https://www.canva.com/admin/template/EAFGSZ0M2Pg,2023-03-10 08:26:21,1,0,0,
https://www.canva.com/admin/template/EAFcs1XPKcQ,https://www.canva.com/admin/template/EAFE5b9mZ5A,2023-03-13 13:49:20,1,0,0,
https://www.canva.com/admin/template/EAFcmrAirqk,https://www.canva.com/admin/template/EAFNpJtwyq4,2023-03-08 10:56:08,1,0,0,
https://www.canva.com/admin/template/EAFck7isVQ8,https://www.canva.com/admin/template/EAE3caOJ3cE,2023-03-08 03:24:25,1,0,0,
https://www.canva.com/admin/template/EAFcjOIAIXk,https://www.canva.com/admin/template/EAE1bRa2fOI,2023-03-07 20:42:03,1,0,0,
https://www.canva.com/admin/template/EAFbxdmY4m0,https://www.canva.com/admin/template/EAE9wakMEp4,2023-02-27 13:09:41,1,0,0,
https://www.canva.com/admin/template/EAFb9qOfBx0,https://www.canva.com/admin/template/EAE4qYColqI,2023-03-01 14:20:05,1,0,0,
https://www.canva.com/admin/template/EAFb9ju6Fq0,https://www.canva.com/admin/template/EAFWJAk8-zU,2023-03-01 14:20:01,1,0,0,
https://www.canva.com/admin/template/EAFb3bdHw3s,https://www.canva.com/admin/template/EAFBuTjXGj4,2023-02-28 13:36:27,1,0,0,
https://www.canva.com/admin/template/EAFaxQn2Fjc,https://www.canva.com/admin/template/EAE_M9DGHwY,2023-02-28 23:57:38,1,0,0,
https://www.canva.com/admin/template/EAFaIeaYvfs,https://www.canva.com/admin/template/EAFYCQgtY9c,2023-03-24 21:58:52,1,0,0,
https://www.canva.com/admin/template/EAFQqTq1TUw,https://www.canva.com/admin/template/EAE4_HczupM,2023-03-12 19:54:36,1,0,0,
https://www.canva.com/admin/template/EAFdjgVa3dI,https://www.canva.com/admin/template/EAE8UUdl5zk,2023-03-18 14:13:15,1,0,0,
https://www.canva.com/admin/template/EAFda7xh_JE,https://www.canva.com/admin/template/EAE3caOJ3cE,2023-03-17 03:13:12,1,0,0,
https://www.canva.com/admin/template/EAFeC8tJUNw,https://www.canva.com/admin/template/EAFdsHu6hM8,2023-03-23 19:11:25,1,0,0,
https://www.canva.com/admin/template/EAFeUfGokCo,https://www.canva.com/admin/template/EAE9O52wigM,2023-03-26 17:02:24,1,0,0,
https://www.canva.com/admin/template/EAFcmrAirqk,https://www.canva.com/admin/template/EAFNpJtwyq4,2023-03-08 10:56:08,1,0,0,
https://www.canva.com/admin/template/EAFck7isVQ8,https://www.canva.com/admin/template/EAE3caOJ3cE,2023-03-08 03:24:25,1,0,0,
https://www.canva.com/admin/template/EAFcjOIAIXk,https://www.canva.com/admin/template/EAE1bRa2fOI,2023-03-07 20:42:03,1,0,0,
https://www.canva.com/admin/template/EAFbxdmY4m0,https://www.canva.com/admin/template/EAE9wakMEp4,2023-02-27 13:09:41,1,0,0,
https://www.canva.com/admin/template/EAFb9qOfBx0,https://www.canva.com/admin/template/EAE4qYColqI,2023-03-01 14:20:05,1,0,0,
https://www.canva.com/admin/template/EAFb9ju6Fq0,https://www.canva.com/admin/template/EAFWJAk8-zU,2023-03-01 14:20:01,1,0,0,
https://www.canva.com/admin/template/EAFb3bdHw3s,https://www.canva.com/admin/template/EAFBuTjXGj4,2023-02-28 13:36:27,1,0,0,
https://www.canva.com/admin/template/EAFaxQn2Fjc,https://www.canva.com/admin/template/EAE_M9DGHwY,2023-02-28 23:57:38,1,0,0,
https://www.canva.com/admin/template/EAFaIeaYvfs,https://www.canva.com/admin/template/EAFYCQgtY9c,2023-03-24 21:58:52,1,0,0,
https://www.canva.com/admin/template/EAE7tVycZn0,https://www.canva.com/admin/template/EAFIEaFtpGo,2023-03-26 12:56:55,1,0,0,
https://www.canva.com/admin/template/EAE7tVycZn0,https://www.canva.com/admin/template/EAFIEaFtpGo,2023-03-26 12:56:55,1,0,0,
https://www.canva.com/admin/template/EAFeXipZBMQ,https://www.canva.com/admin/template/EAFac45ikKY,2023-03-27 06:02:50,1,0,0,
https://www.canva.com/admin/template/EAFeWTmozuY,https://www.canva.com/admin/template/EAE9qP3f09Q,2023-03-27 01:47:22,0,1,0,
https://www.canva.com/admin/template/EAFQqTq1TUw,https://www.canva.com/admin/template/EAE4_HczupM,2023-03-12 19:54:36,1,0,0,
https://www.canva.com/admin/template/EAFeSZxx16k,https://www.canva.com/admin/template/EAFLSJo5ZJI,2023-03-26 09:51:31,1,0,0,
https://www.canva.com/admin/template/EAFeNStsE50,https://www.canva.com/admin/template/EAFRf8rLfT0,2023-03-25 13:51:33,1,0,0,
https://www.canva.com/admin/template/EAFeEdrtB9U,https://www.canva.com/admin/template/EAE9pNpvhIg,2023-03-24 01:46:46,1,0,0,
https://www.canva.com/admin/template/EAFeEu34oBI,https://www.canva.com/admin/template/EAE6CWstHIE,2023-03-24 02:54:53,1,0,0,
https://www.canva.com/admin/template/EAFeJqJvlE8,https://www.canva.com/admin/template/EAFboIvwxP8,2023-03-24 22:47:04,1,0,0,
https://www.canva.com/admin/template/EAFeN51lpH4,https://www.canva.com/admin/template/EAFTvBYFb_Y,2023-03-25 15:23:36,1,0,0,
https://www.canva.com/admin/template/EAFeN6HF6RM,https://www.canva.com/admin/template/EAFNdTxkEu8,2023-03-25 15:28:36,1,0,0,
https://www.canva.com/admin/template/EAFeXipZBMQ,https://www.canva.com/admin/template/EAFac45ikKY,2023-03-27 06:02:50,1,0,0,
https://www.canva.com/admin/template/EAFd2r279wM,https://www.canva.com/admin/template/EAExuy0C6Qs,2023-03-21 18:12:16,0,0,0,
https://www.canva.com/admin/template/EAFd2pE6kXM,https://www.canva.com/admin/template/EAE7Ki3vsyg,2023-03-21 18:23:40,0,0,0,
https://www.canva.com/admin/template/EAFdbyAocaE,https://www.canva.com/admin/template/EAEwYHdBcqw,2023-03-17 07:58:35,0,0,0,
https://www.canva.com/admin/template/EAFeWcwHJuU,https://www.canva.com/admin/template/EAE-22OuZv4,2023-03-27 01:07:55,0,0,0,
https://www.canva.com/admin/template/EAFYsk4fS2c,https://www.canva.com/admin/template/EAE2nGfsk5I,2023-03-08 16:29:16,0,0,0,
https://www.canva.com/admin/template/EAFcmdQmxnE,https://www.canva.com/admin/template/EAE9Qu_queM,2023-03-20 11:12:57,0,0,0,
https://www.canva.com/admin/template/EAFdhrFfd8g,https://www.canva.com/admin/template/EAFdbPUZKhQ,2023-03-18 06:53:03,0,0,0,
https://www.canva.com/admin/template/EAFeQ0Jb0QE,https://www.canva.com/admin/template/EAFL4m-n0CU,2023-03-26 03:02:27,0,0,0,
https://www.canva.com/admin/template/EAFdFsckb5s,https://www.canva.com/admin/template/EAFb4HPTAmY,2023-03-13 14:26:31,0,0,0,
https://www.canva.com/admin/template/EAFb9cZvTWs,https://www.canva.com/admin/template/EAFEQbXHeXc,2023-03-20 14:21:36,0,0,0,
https://www.canva.com/admin/template/EAFcC6BJftc,https://www.canva.com/admin/template/EAE7c2jek_A,2023-03-08 08:58:36,0,0,0,
https://www.canva.com/admin/template/EAFcA1Zh9ZU,https://www.canva.com/admin/template/EAFNck7fhOE,2023-03-02 03:30:30,0,0,0,
https://www.canva.com/admin/template/EAFdbyAocaE,https://www.canva.com/admin/template/EAEwYHdBcqw,2023-03-17 07:58:35,0,0,0,
https://www.canva.com/admin/template/EAFcA1Zh9ZU,https://www.canva.com/admin/template/EAFNck7fhOE,2023-03-02 03:30:30,0,0,0,
https://www.canva.com/admin/template/EAFcC6BJftc,https://www.canva.com/admin/template/EAE7c2jek_A,2023-03-08 08:58:36,0,0,0,
https://www.canva.com/admin/template/EAFeQ0Jb0QE,https://www.canva.com/admin/template/EAFL4m-n0CU,2023-03-26 03:02:27,0,0,0,
https://www.canva.com/admin/template/EAFd2pE6kXM,https://www.canva.com/admin/template/EAE7Ki3vsyg,2023-03-21 18:23:40,0,0,0,
https://www.canva.com/admin/template/EAFcmdQmxnE,https://www.canva.com/admin/template/EAE9Qu_queM,2023-03-20 11:12:57,0,0,0,
https://www.canva.com/admin/template/EAFd2r279wM,https://www.canva.com/admin/template/EAExuy0C6Qs,2023-03-21 18:12:16,0,0,0,
https://www.canva.com/admin/template/EAFeWcwHJuU,https://www.canva.com/admin/template/EAE-22OuZv4,2023-03-27 01:07:55,0,0,0,
https://www.canva.com/admin/template/EAFdFsckb5s,https://www.canva.com/admin/template/EAFb4HPTAmY,2023-03-13 14:26:31,0,0,0,
https://www.canva.com/admin/template/EAFb9cZvTWs,https://www.canva.com/admin/template/EAFEQbXHeXc,2023-03-20 14:21:36,0,0,0,
https://www.canva.com/admin/template/EAFdXEaLNeQ,https://www.canva.com/admin/template/EAFE3xVNzts,2023-03-16 12:00:25,0,0,0,
https://www.canva.com/admin/template/EAFcnjeaW0A,https://www.canva.com/admin/template/EAFTgNYaWIE,2023-03-08 14:05:31,0,0,0,
https://www.canva.com/admin/template/EAFdXEaLNeQ,https://www.canva.com/admin/template/EAFE3xVNzts,2023-03-16 12:00:25,0,0,0,
https://www.canva.com/admin/template/EAFYsk4fS2c,https://www.canva.com/admin/template/EAE2nGfsk5I,2023-03-08 16:29:16,0,0,0,
https://www.canva.com/admin/template/EAFdpXyCIyA,https://www.canva.com/admin/template/EAFV-g6FUPk,2023-03-19 13:27:22,0,0,0,
https://www.canva.com/admin/template/EAFdpXyCIyA,https://www.canva.com/admin/template/EAFV-g6FUPk,2023-03-19 13:27:22,0,0,0,
https://www.canva.com/admin/template/EAFdhrFfd8g,https://www.canva.com/admin/template/EAFdbPUZKhQ,2023-03-18 06:53:03,0,0,0,
https://www.canva.com/admin/template/EAFcnjeaW0A,https://www.canva.com/admin/template/EAFTgNYaWIE,2023-03-08 14:05:31,0,0,0,
